2.766338033733715118e-01,-2.743307941365463187e-01,-1.532875016119708556e-01,-8.165041885677069844e-02,1.114598547740901363e-01,3.850116648519604223e-01,-1.202110192533259042e-01,-5.742654985518066413e-01,3.508593838018302102e-02,4.655422932379783552e-01,-3.425855647714481367e-01,-1.419356961774007574e-02,1.478753323649439379e-02,1.433769378688679597e-01,3.231832343696222631e-01,1.426817328078512914e-01,4.947759156188822477e-02,-7.235710884239024421e-02,-1.532401122304403729e-01,-5.194737750984049912e-02,-3.626778555682437233e-01,-1.787803397558977436e-01,4.581285651013651261e-01,4.467563293920429612e-01,3.101747983322361013e-01,6.870774712171722198e-01,4.161439744928017714e-01,-2.412630961493489323e-02,-4.104234036936649788e-01,-1.280067024338748805e-01,1.105353714706584639e-01,1.309235450083554020e-01,2.749772550110656244e-01,-3.692081158772579919e-01,-7.109438520141749818e-01,3.221434296543119330e-02,-3.956203026647218124e-01,-4.451592766144670810e-01,4.912167952720381536e-01,-1.609265223344015783e-01,-7.650352427665943478e-02,-1.994890472258698325e-03,-2.070355175643983844e-02,-1.640066405417866247e-01,-8.409583165951983741e-01,-2.380579620360098736e-01,1.948773325974303416e-01,-2.166911846914161832e-01,4.380692955872624861e-01,1.502883242724370183e-01,-2.893304621279330080e-01,2.269729422741646463e-01
-2.079541980027157511e-01,5.195856088401807904e-01,-7.351256739761633519e-01,-1.076449776508959510e-01,-8.956879795048659776e-02,-7.250260250329655376e-01,5.294871742183838714e-01,-8.005596649776491880e-02,-6.249393173617719816e-03,-1.807131968849768067e-01,-4.717228065399982073e-01,-4.105044730200230890e-02,-8.327810749619900532e-01,-2.725572961368201708e-01,3.117270966482588723e-01,8.677172588692803057e-01,8.528729988392938499e-02,-4.659008210993023091e-01,2.397198641749599957e-01,-2.138613098963701165e-01,-2.104577287166100319e-01,-1.696475298904664974e-01,-3.137017299030273043e-01,-4.876007085653928375e-01,3.950141353564728952e-01,-9.110095698053877200e-02,2.597646208063743023e-01,7.298847042998764245e-02,-3.319354308770871564e-01,5.857413432223949057e-01,-9.750757855784877859e-02,-7.389764876070047117e-02,-1.276359200149174589e+00,-5.085530911726136027e-01,-2.007062569570034483e-01,6.717538545774831560e-01,1.080877774858933493e-02,-5.326722609045383416e-01,-4.163812854641242289e-01,2.997761164841666326e-01,1.398338741761213401e-02,6.979590329556678574e-02,-1.997198784190638010e-01,-3.073250631905902544e-02,5.927305148277303010e-02,-1.318869366061858062e-01,-2.588721416766093242e-01,2.116598522644634606e-01,1.432587101078630076e-01,-1.745612831720073921e-01,5.181637618496457431e-01,-4.019317143488639055e-02
1.118636537607788084e-01,-3.621451250166062841e-01,3.166447099070287541e-01,-1.895043250683305647e-01,-8.615410049643520973e-02,-4.118322278083640930e-01,3.122366263337674197e-01,-5.256247924136406846e-01,-3.453939640420860546e-01,7.610359293338956332e-01,1.342286373105570085e-01,-1.999694344036350713e-01,7.159007188435474456e-01,3.859691983946207938e-01,-5.698475913409601912e-01,2.823569088264264448e-01,4.640457292710287174e-01,8.376785951665711993e-02,6.495972994539478407e-02,4.507605674657977901e-01,-1.140452822372877151e-01,3.357440234526243850e-01,-2.772806309099559718e-01,-1.473422444348770066e-01,-1.021361254907729305e-01,4.319001777766307559e-01,8.034547404036851415e-01,6.304116400452654256e-02,-6.116987575801923205e-01,5.158841962719677987e-01,-8.233482509957877893e-01,8.471030060554542995e-01,-5.648244875944785637e-01,6.016115051148046566e-01,3.395711593163072955e-03,-1.060645431174548792e+00,9.105250009091268026e-01,3.341025400764443543e-01,5.314368280157645286e-01,2.891492960579974403e-01,8.861683788396113037e-02,-3.145306608974507978e-01,5.775199963316413054e-01,-2.756347110808872736e-01,4.176826585955017990e-01,7.132342309476429332e-01,-1.412554841892925961e-01,-9.041373964316035128e-02,2.535928327992984510e-01,7.591320923577311863e-02,3.822288476540649516e-01,-2.885832568974384671e-01
-2.164693628310064843e-01,3.387881141054258083e-01,7.131029922102657403e-01,-6.626517290285672823e-01,4.164209811468330691e-01,-1.017291773944139083e-01,-1.460101884611151868e-01,-9.127609039049346118e-02,2.159861414902519428e-01,9.408050399236093930e-02,-2.505837156934911381e-01,-5.872476183220045609e-01,-1.316772338437041945e-01,-3.231789097904286256e-01,2.784560361534717948e-02,4.641355911500277820e-01,3.939791232495101075e-03,-2.897977291061099026e-01,-7.017277159272428122e-02,-2.906304388243193815e-01,1.141723940578714735e+00,3.245742327580561915e-01,5.410493359865901908e-02,4.044372105738924250e-01,7.078843467323045480e-02,3.535661157446205460e-01,-2.375010301833088699e-01,-1.652293736579719396e-01,1.185805129507930267e-01,3.150557848130041139e-01,1.737461645513107555e-01,-3.922357998713902894e-01,9.039909137936646966e-02,-2.674172447987551160e-01,3.584658076290279244e-02,1.064158982078470123e-01,-2.358101578177707047e-01,5.357713050406789218e-02,-8.763288126546241175e-02,-5.760109894279006326e-01,5.931014439511760050e-02,2.746765746921082246e-02,-6.938265810048448168e-02,-4.193673508141243511e-01,-3.325403801376178858e-01,-6.937261191509990210e-01,1.649908961884728187e-01,-1.327638564071858540e-01,4.935348515152920279e-01,3.307386879992148532e-01,-1.837198440742809080e-01,3.265073512928095001e-01
1.034294870710474601e-01,-1.812720569436327422e-01,1.169271525558220337e-01,-1.799018536611703134e-01,-7.267485586104048823e-01,-2.807420416151391040e-01,7.370408390501510532e-01,-5.052211558661037216e-01,-8.739670105341100781e-01,4.153262661729174576e-01,-4.350842736228314189e-01,-1.881459102520969540e-01,5.966764557519902423e-01,-8.302942804249296982e-02,-2.273759412327849005e-01,-4.231211977735252483e-02,3.791962405413875498e-02,-3.976664484906052288e-01,-1.425035696037331989e-01,-8.716534700914151113e-02,-5.461216063218031769e-01,1.700680960517300389e-01,-5.693248943487517338e-02,-1.094835183487922636e+00,5.180722852981825000e-01,2.623690514469897983e-01,4.148249056766019072e-01,-7.074359788400619298e-01,-2.484483246548858659e-01,4.834911612225543109e-01,-1.109494141417148860e-01,7.261922341838591421e-01,-2.096546525844415199e-01,4.436076933273344070e-01,-4.359981973321587212e-01,-7.013058464519407453e-02,4.586167790321850624e-01,-4.893046677168050307e-02,-7.325921419688517788e-02,6.819192767641006903e-01,1.286785038406656340e-02,-1.251089118154687096e-01,4.991118223423069988e-01,-4.376159862362843933e-01,3.851901073018577093e-01,1.359454332162334800e-01,2.147437264415646800e-03,2.330782184432282633e-01,2.391273971235226836e-01,-2.595259043976948510e-01,5.791047193121015013e-01,-4.205536449728695114e-01
8.247848637580483810e-01,-5.373561080144458879e-01,-3.354705540812862319e-01,7.243011513240755761e-01,-2.752198761121559256e-01,1.191904482957299033e-02,7.641035117263581533e-01,-8.005586803715122324e-01,6.468214754179026083e-02,2.944865917389066223e-01,-3.989972092123681563e-03,-2.578734073791852377e-01,-1.847410726386314039e-01,3.730937807604310374e-01,-2.726315426311499146e-01,-1.009809594372396424e-01,4.298163101122785303e-03,2.491904098409877533e-01,-3.036146693415561065e-02,-5.475443889616679050e-01,-6.040635347033446872e-02,5.689500786800733012e-01,-4.797892603000933898e-01,-2.512488217029925155e-02,1.047602670483439580e+00,-1.302417726689091004e-01,4.373611162448695633e-01,-5.293388557590722465e-01,-4.307017522122733033e-01,2.057128338743018370e-01,-1.932071813746795985e-01,7.954425288678856898e-01,4.520484330079186375e-01,1.723186490409925609e-01,-5.161921912888524089e-01,4.025764854681519386e-03,7.243360361937460634e-02,3.891013405458437768e-01,5.767873840246522388e-01,5.536771270345897111e-01,4.649379308922573645e-02,6.216410349909298194e-01,-1.103977887052169787e-01,1.094655179581881105e-01,7.150544489319885511e-01,-4.665801059560059638e-01,2.834383443750437825e-01,-2.457076392837364009e-01,1.129304715686644221e-02,-1.160039862078471318e+00,8.740085256009015868e-01,-2.234328156842722568e-01
4.182329771853021128e-01,-1.677917383385164191e-02,-7.172569401026912539e-02,-3.791070180100811204e-01,-3.501812023510791350e-01,5.797099262531159036e-01,-4.016094865498049393e-01,-7.302194749760607673e-01,1.799396875501854676e-01,4.151068621381847623e-01,-7.030888091534165385e-01,-2.527653782577108377e-01,-3.832389920995677990e-01,5.565213512669653362e-01,4.164071465196538674e-02,2.701381857720961399e-01,-4.367126785740454431e-01,5.669674567562441592e-01,-6.898577255636547667e-01,-2.017789777501982074e-01,1.452964402592937243e-01,7.458443275028199537e-02,9.117394757476469935e-02,1.677784853586767322e-01,4.591192964712974556e-01,6.784621354261003434e-01,7.079877017245954640e-01,1.944414071833279190e-01,-2.287743895970081598e-01,4.722292349625161756e-01,-2.237147984730535055e-01,2.002702245965639616e-01,3.459497165103795346e-01,-2.015144432932361729e-01,-5.158390485696989769e-01,-1.187718704794289148e-01,3.850506062437797361e-01,-4.335621363347197388e-02,-3.145023852805955977e-01,-4.662632775388340922e-02,6.818963271246757107e-02,3.709415635021077184e-01,-1.839674956595408750e-01,-3.234352448526260637e-02,-2.116930362109749608e-01,1.525358244971642407e-01,-5.753908103501893523e-01,1.081450380977028863e-01,-3.710537943959433260e-01,-2.824984673602964902e-01,2.224108282594981778e-01,5.065767286754091492e-01
-7.624379481945446624e-02,3.815683686632665994e-01,-3.273675985037632907e-01,-2.338983708394534733e-01,1.834622578513536439e-01,2.046935709196577580e-01,5.150288661702694393e-01,5.383626078167520479e-01,5.364537075793425203e-01,-4.004258504782494121e-01,2.926299700581451724e-01,1.237780170129026552e-01,-1.293389994430745871e-01,1.286046305931673739e-01,1.670119773818297404e-01,6.513289193027370638e-01,4.074468850269776787e-01,-1.332156889477423556e-01,5.165388217818883687e-01,-8.429277179364212669e-02,-2.899341696204817409e-01,4.136431565186402537e-01,1.367897623682950980e-01,3.365330656492652728e-01,2.402867443879773135e-01,-5.460640277018585786e-01,-1.102141267306865902e-01,4.713376595684136694e-01,2.555730235453440025e-01,-1.015180541779495904e+00,1.051783270269093656e-01,-5.381258533727564797e-02,-3.330097106173827148e-01,-2.816479472322945821e-01,3.618861577992881773e-01,6.863390953936926442e-01,-6.863787263960681173e-01,-1.777086851823763691e-01,-1.737401707423532338e-01,4.608585883068290479e-02,1.716356448278101576e-02,-1.141976234369424942e-01,-5.431693891377404881e-01,-3.226388550579507020e-01,-4.170204917442245085e-01,-2.166300693664111598e-01,-5.854614679426211055e-01,-3.578018528067471865e-02,-3.103395400711905783e-01,1.144785503833699314e-01,1.773469797933672210e-01,2.479939132321461182e-01
2.128804289313418127e-02,-7.455044701131413598e-01,1.777911996633539937e-01,-3.676268593407213542e-02,5.571077455577955195e-01,7.181437364908288545e-01,3.668476871045726617e-01,7.702687305904372395e-02,4.558570240547184516e-01,3.781456636067172528e-01,4.227629550383696366e-02,-5.198133049614485079e-01,9.973275830136972830e-01,-5.126148736761400038e-01,-4.581642199812875904e-01,-2.584300507228388250e-02,3.213220890997579016e-01,2.811622512318338596e-01,-1.274931462938816151e-01,4.240270894919271893e-01,3.322602644113161197e-01,4.671995219522923626e-01,1.517797590019966114e-01,3.107919253811699534e-01,-7.155538431380020770e-01,-8.359225662012244318e-02,-1.795469696825772732e-01,7.024967405542288379e-01,3.347652379276622875e-02,2.020563741841215066e-01,1.825369357551078209e-01,3.986231558910259820e-01,4.310366888292030407e-02,-3.837365605281010117e-01,3.900775107114123202e-02,2.070352157811353178e-01,6.972609639907998424e-01,-2.829380192928317994e-01,7.932804975228637812e-01,-3.884225644666008392e-01,3.104379046990030644e-01,-7.037155727519798232e-01,9.542498331099971143e-01,-2.420360416910946610e-01,4.122977664276627485e-01,-2.967395635231587780e-01,8.238001696068257829e-01,1.227999001254165834e-01,8.367945344103348004e-01,7.282346213923811262e-02,-4.485334734469674234e-01,-6.615774712309016592e-02
-4.012090151076180833e-02,-1.872120041707955318e-01,-1.190588975231146179e-01,7.113534633900308046e-01,6.151820466195178083e-01,6.697083759634618882e-01,-4.225452501193319686e-03,3.076517522509323449e-02,5.293889700871440285e-01,4.069243380229564666e-01,-8.139635201310466139e-02,-5.029370239645195584e-01,1.828583561595658324e-01,-2.496175958663401639e-01,-5.512676562887940390e-01,5.914011463398292090e-01,-6.410576783501060749e-01,1.529579876513647574e-01,-5.211027953430901194e-01,-5.875440536198092700e-02,2.875857630532383524e-01,-2.715126042006199003e-01,-6.903107538919274200e-01,3.601632165217522052e-01,6.125270507558058103e-02,6.419767296389554401e-02,-1.491861325036756072e-02,1.604029642397928890e-01,-7.960801872800501999e-02,3.641192220966597004e-01,-2.003505419874563320e-01,-6.546820607434837846e-01,6.480265595800194234e-01,-3.920992445436236595e-01,-5.311782897255834870e-03,-2.315508504129164535e-01,5.157003020474060229e-01,5.868152776632967749e-01,-7.301828615155673274e-01,-3.814508615746774467e-01,-4.114792307485396483e-01,1.076798857500869087e-02,8.808904778740395125e-01,-5.387061151725655757e-03,1.917539802968784568e-01,3.399951627493043027e-01,8.751654759113691728e-01,4.967117124376493331e-01,9.638601341185223381e-01,1.101260659137135722e-01,1.850778214999329319e-01,7.721428629507508523e-01
-3.673749660744395351e-01,5.093285966760315864e-01,7.872785026078729098e-01,-4.614280028666880584e-01,-1.887364460765391383e-01,-4.633346630327893623e-01,5.928062258437138965e-01,5.284738684830504463e-01,2.668932240165412528e-01,-9.227277103366062772e-01,-2.695734524476003924e-01,3.098269739974258141e-01,-5.504686304514599254e-02,-9.974788394668581137e-01,-1.920244794996799065e-02,-8.014412893574992536e-01,3.321989542174945687e-01,-3.678788324186859082e-01,5.307418582709430011e-01,2.501715361524991521e-01,-1.268432706925382847e-01,1.737050137749292789e-01,5.669854762255227554e-01,-3.314353380728487508e-01,1.892108791382178523e-01,-6.143571869278254827e-01,-4.635402931403435622e-01,-1.976494829539902909e-01,1.687100666834426277e-01,-2.387362783760659246e-01,1.725560237611405059e-03,4.721084498370198834e-01,-3.626079248973254066e-01,1.347515662513713020e-01,4.604029469212431724e-01,3.971544093247602047e-01,-1.198162295782542741e-01,-3.156680947081356159e-01,2.673748618396777910e-01,5.921540277380905604e-01,3.418706733685860089e-01,-3.791220060056721408e-01,-4.126926451622042746e-01,8.649921052340483474e-01,-3.294214055559700483e-01,3.244052912348389106e-01,-1.178131683000661400e+00,-1.454548552853753007e-01,5.808037497502514801e-02,-2.129299804041029087e-01,3.598878015587250734e-01,-8.827116481269542403e-01
-5.961412164938557912e-02,-1.007755015043659830e-01,1.044328797342978787e-01,1.015019965271794916e-01,5.937146795255670018e-01,4.178155064347716108e-01,5.962735115227196792e-01,4.599623369607674928e-01,4.518493316715526675e-01,4.570959408069389940e-01,2.770790367623565675e-01,2.237540290963476730e-01,9.406637215958786324e-01,-5.143690794542057354e-01,-7.499611447996338276e-01,3.788558709977906114e-01,7.544867894370272943e-01,-3.945481574473954089e-01,3.009911627162804026e-01,5.889261594824739543e-01,-4.036675326886907667e-01,-1.698033248073942125e-01,-1.954618519826376855e-01,3.878103805342398291e-01,-1.015775791548898299e+00,1.116033145298726548e-01,1.154044957239226815e-01,9.419446753914111348e-01,2.259002356179095339e-01,2.747639004000785867e-01,-2.512685423042576027e-01,1.020349247092735112e+00,-3.287888421834314623e-01,4.740287966847054335e-01,4.681557617308024777e-01,2.638587588196250056e-01,4.765567672367644891e-01,4.473001724493069764e-01,-3.083490160717128892e-01,-6.684806563779528421e-01,3.540662698891497984e-01,-9.817121777590295251e-01,1.213818439844402547e-01,3.941166570790168716e-02,3.844369342837393178e-01,3.677989555320456128e-01,-3.399319602181187228e-01,-1.346929421415769433e-03,-3.334136866942217364e-02,-1.161133946654629122e-02,-3.154174013993775727e-01,2.853442033495255312e-02
-1.343941191290443538e+00,1.464306940964038295e-01,6.965608638574737055e-02,6.781243042759047546e-01,3.590488993417736974e-01,1.918768408345964960e-01,-4.464063237680095941e-01,4.999621750558175259e-01,-7.993066809664944872e-01,-8.598734192998815917e-01,4.888557640561499995e-01,-1.283121792119588933e-01,-3.234602909041514041e-01,-1.017780607392137632e-01,1.022520446672017247e+00,-4.711830199831482796e-02,-1.137843301507199950e-02,3.258139119430195074e-01,1.570634149702942739e-01,2.360824375362736982e-02,-2.758745420332096021e-01,1.724525348943837799e-01,4.678617878794338325e-01,3.167041510277371352e-01,-5.190651690084564507e-01,-1.348370501548281364e-01,1.672199584599148858e-01,-6.795431861703188359e-01,4.689131578877871465e-01,-5.452251365978958431e-01,-2.118878248038459991e-02,-9.492230059435324829e-01,5.449059804327585632e-02,1.770461844194348988e-01,6.010748426182268567e-01,1.055070356120112463e-01,-6.386260679908853932e-01,1.277706471293460211e-01,-4.431114542303918324e-01,3.449829452540805752e-01,-6.186810745886139884e-01,-7.299154810374044455e-01,-3.016784199173665471e-01,7.692127982692251731e-01,-1.006067127715649212e+00,-2.924410016404223045e-01,-3.077729693808998190e-01,-1.095822313681953819e+00,3.600004590136208771e-01,8.647996236642809809e-01,-3.221162262964643030e-01,-5.733218678031845039e-01
-1.357743129810746074e+00,-3.900620669623350301e-02,2.974638718734821108e-01,9.097826514859345126e-01,4.996248935334356434e-01,-3.950500797121201391e-01,-1.856344270032857235e-01,4.131668795996907284e-01,1.330918952193366200e-01,-3.814510451239769839e-01,-2.721387213527149962e-01,-6.485221231871491909e-01,-1.728709691113274050e-01,7.000617797490736594e-02,4.927559059651011042e-01,8.090647056053403008e-02,3.675053922561630215e-01,3.407645041756073717e-02,5.339397137771175750e-01,-6.620905401534292745e-01,-2.528165565706641180e-02,4.682025853328313780e-01,1.926070363868423452e-01,4.445881296714547237e-01,-8.019774959489224253e-01,-3.303330585812260245e-01,1.271658674343487394e-01,9.958426730411169825e-02,4.638435641171768653e-01,-1.046453569475525924e+00,1.459040427775157300e-01,-4.992190727921937410e-01,-1.615829407858795641e-01,5.115180266576289936e-02,7.804291532028301281e-02,-3.591214697203412021e-01,-4.478402087776062745e-01,-4.699347335696533318e-02,1.488738985201727427e-01,3.873007897292511381e-01,2.555578979971112052e-01,2.817854245893659012e-03,-9.082462527304850652e-02,6.750267306869981443e-01,-4.360563204478884458e-01,1.093494371379803293e-01,4.758522751561295588e-02,-1.790749920398516104e-01,4.502342357102465664e-01,8.992423582549715633e-01,-1.038463203050234984e+00,1.683687068898415407e-01
-3.910088145942857141e-01,-3.697425782896966995e-01,2.773271817599127220e-01,-4.712562682917574852e-01,-1.160819374482216781e-01,-2.736693232125240183e-01,1.196435834096874484e-01,-8.324697755385591647e-01,-8.900961773835105451e-01,3.347636178000392149e-01,2.486946550422762525e-01,-3.872272336914408530e-01,5.723012716506201691e-01,4.222065729461983025e-02,3.557872499886131634e-01,-2.468586877387836734e-02,2.585179581334882126e-01,3.246907249393731210e-01,-1.860045772479416992e-01,-5.828300426430852443e-01,4.308103823291943302e-01,3.275371231498895863e-01,-7.174504916092849793e-01,-2.398713763565352153e-02,-1.727904513363715533e-01,8.331089973761275358e-01,5.864615444208157724e-01,-1.376920593917668190e-01,-4.450909699033568645e-02,4.023742500983808479e-01,-2.618289519641484042e-01,-2.351232556561824727e-01,-3.506470011248101482e-02,-2.152244013930602884e-01,-3.916083753157849068e-01,-7.999672304864018368e-01,2.274245697391595600e-02,-3.203134765930916172e-01,2.940467159577070388e-01,-1.694611286989891608e-01,-1.365006198501094170e-01,3.647615149675738078e-01,4.161571306321206198e-01,-7.442048666067221374e-01,3.491207111490652326e-01,-3.362947125477541710e-01,-1.531888387361182158e-01,2.603369173978566931e-01,4.535085178314023358e-01,-1.642169918426765463e-01,-1.284626502544257698e-01,4.801115256931293152e-01
9.494383277678006272e-02,1.388452421670101633e-01,2.354282070747470423e-01,3.697813043219735918e-02,1.922265563888821693e-01,-3.269168037099514507e-02,5.496420699960500311e-01,-3.925148018268563854e-01,-8.270659349473802324e-01,-9.551834152821370161e-02,2.778707310012790144e-01,-5.904962526779232446e-02,-2.689795798307099695e-01,1.046296939267599813e+00,3.486477345391892357e-01,-2.736811520922306507e-01,4.038883881793705055e-01,-1.883064750477295157e-01,2.644362200489698833e-01,-1.018662389260288903e-01,4.034954258546172845e-01,-1.659992186693619587e-01,-3.828567451131115185e-01,-3.659393358664992935e-01,6.026341449358247476e-02,-9.117641478182869283e-03,3.682461894917686274e-01,-2.407833533496731293e-01,-7.937360372272691533e-01,-2.716621206865074134e-01,-7.699332558631415413e-01,5.823034597653846678e-01,2.370406938799290292e-02,8.904115506404150157e-03,-5.391386575363326106e-01,5.412781817349622271e-01,-9.331503128218762155e-01,7.289715985725279956e-02,-2.299544335887905577e-02,4.768914327143217169e-01,9.542843006256630789e-02,2.014633977550210620e-01,-7.174320345378589758e-01,-6.331550924719830942e-02,8.368413906022625914e-01,4.111821033749204490e-01,-3.708409662555213204e-01,-5.771308600473252781e-01,1.344271881128999424e-01,-3.258182566702171878e-01,6.000907819191730885e-01,-7.120223180728663115e-01
1.168851648157475387e-01,2.202041049858973615e-02,-1.080216582006399556e-01,-5.670575969342763756e-01,-1.223297811342453079e-01,2.695005902990924573e-01,-3.699253584766026837e-01,-5.208414801249157122e-01,2.042375609922108745e-02,2.241344638848997428e-01,-1.044414714297274005e-01,1.628904282784231494e-01,-1.020546399638087159e-01,6.818707275472180029e-01,9.385441637129145198e-02,-4.819432183928433200e-01,-3.353937907968964072e-01,-1.719433658300865697e-01,-6.828476815852047022e-01,-1.632079995438073250e-01,1.337714153912937798e-01,-5.683629309266482466e-01,2.901915237006496007e-01,3.401414940374040963e-02,1.487173248002570114e-01,8.707789557779944678e-01,6.411664065642755927e-01,3.918145957457861983e-01,-3.643717179647855686e-01,3.587105275399554705e-01,-1.299343188710619379e-02,-8.618411286712257535e-02,2.065598098677821903e-01,-1.104195075289464145e-01,-4.223448580911541850e-01,-2.176917348992719325e-01,1.213407494489767702e-01,7.784770080562794514e-02,2.129641027567780349e-03,2.484140533367482778e-02,1.847186447235115436e-01,5.156883291789675638e-01,-2.923885703382529955e-01,9.132889823863246659e-03,1.103250333278753270e-01,-4.784419162464493072e-03,-6.535164000955664410e-01,-1.887040618358608590e-01,-5.131673525293415361e-01,-1.802144850806072507e-01,-4.080198691385272108e-02,1.352029287992715934e-01
-4.449021497791220692e-01,-1.666243657013180557e-01,2.834244389740595005e-01,-5.576755070344137089e-01,2.420857262027076573e-01,-1.066082559109463174e-01,-4.371962797182935012e-02,-5.026341703651718978e-02,1.872223966111679835e-02,-1.030235325971542715e-01,-1.664550772744300133e-01,-7.313104326044292947e-01,3.512493644039332286e-01,5.946438817360099466e-02,4.229165724361836909e-01,-1.092487913777618003e+00,1.900210101750663683e-01,-5.056352978845877200e-01,3.298295716987676429e-01,-1.032867346214690202e-01,2.661788817887905667e-01,-7.071007639948214685e-01,9.534114574470405890e-01,-1.918615081031879166e-01,6.940463384484438225e-02,-1.449328261989956124e-01,2.800073429888293441e-01,-2.721181029022200493e-01,-4.508388051407521968e-01,-5.709945534693642299e-01,1.995162786838373947e-01,1.550444453300873493e-01,8.067215111246027470e-02,5.484742071482255898e-01,-4.986378430201272027e-01,-6.763222816378332281e-02,-2.590235296606110960e-01,-4.210722857210309478e-01,4.521443323472191245e-01,5.526744869466864163e-01,6.513925551063763919e-01,-1.226704827215184812e-01,-1.827282484647080596e-01,2.841844796093845882e-01,-3.339483409566001981e-02,4.662766376491777054e-01,-2.013471182586194230e-01,-5.394124156976292106e-01,2.097266481738531418e-01,-5.381141625537406992e-02,2.564612428999057947e-01,-1.089777427789213604e+00
-2.932214014144965755e-02,-1.392741185515944669e-01,-6.941314570164864861e-01,6.298244047941570223e-01,-1.187765959906421198e+00,2.792901632860659844e-01,4.239922264880230940e-01,-5.191939179613216382e-01,3.415248511581413515e-01,4.507510670694675481e-01,-2.795229444212485870e-01,-1.752878986841498177e-01,9.884712697107746193e-02,-3.832491022878130593e-01,1.165740353331216617e-01,1.037716955458232171e+00,-7.048330452858500017e-01,-4.973640072954500779e-02,-1.139318653843133911e+00,-6.231954546593230226e-01,1.618330394176307682e-02,4.496604518480125656e-01,-3.609039532851848198e-01,-3.067832527388144603e-01,4.173129063972381148e-01,3.291590334808683904e-01,7.277366938070606306e-01,-5.333253631163026309e-02,-1.883464372810691734e-01,6.465986700453593139e-01,3.201873602230556615e-02,-2.637372193640140083e-01,3.954859258262809485e-01,-2.147567690450521705e-01,-4.733199809657490653e-01,-2.239956602450761114e-01,8.417573504028623699e-01,3.395447785048777423e-01,-4.850298457485489045e-01,6.037223912951839716e-02,-9.516815959975131189e-01,2.001329625413313107e-01,7.215722862368575408e-01,-3.027078694754916643e-01,9.072596951439335089e-02,-8.324083943690839815e-01,1.268501937710194219e-02,7.376861245698459468e-01,-3.176214027776146781e-02,-8.814596320192884527e-01,-1.939945370764860344e-02,6.104038051261985176e-01
8.228193802395739054e-01,-6.982110764495398358e-01,1.290979898348951771e-01,-3.005385614121814930e-01,3.457518048148974787e-01,-4.514201663357677585e-01,8.182893106047310627e-02,1.091499074971581801e-01,9.225120921829950416e-02,2.764687812706798087e-01,5.740583627979699566e-01,-1.562050485064202798e-01,3.947767178613131867e-01,5.759293303451801238e-01,-1.045937216740482567e+00,3.883717259512226017e-03,4.410141571162751878e-02,-2.663390302530606601e-01,-2.286012116904980185e-01,1.037876572071888721e-02,5.160614603064844763e-01,-4.494357308954461949e-01,-1.002426686127403516e-01,5.143146883095945504e-02,1.122520075038198284e+00,1.126600546762517169e-01,-5.736809138820679888e-01,2.316571964863677058e-01,3.320331274755864981e-01,2.576759650343544150e-01,3.787796408249614055e-01,3.547471035243018322e-01,-2.419093601691732487e-02,-6.569061109667010401e-01,2.392955630525687716e-01,-9.330278566365929338e-01,-4.535148409998531749e-01,5.137732256241180906e-01,1.920134378092372696e-01,-2.314204695273538726e-01,5.083770432827963148e-01,-8.312328566422982901e-02,6.030239464567055396e-01,-5.981458564429410589e-03,6.224217246247867319e-01,-9.485078043117929625e-02,1.135288279339150774e+00,-1.955007194762294065e-01,6.782220453226415202e-01,-1.581397963217709701e-01,1.353158541913551671e+00,1.224755442845396197e-01
-4.672445591689878275e-01,5.503064298993272097e-01,-3.574840440943592434e-01,1.528846089865315283e-01,4.440183475556827020e-01,-2.426226727316609932e-01,-1.302887720871046635e-03,6.478852879161464129e-01,-1.952633279698902380e-01,-5.285976622465162755e-01,2.360617004990262779e-01,6.260615597381914421e-01,3.621390051887389827e-01,-3.125148825475093095e-01,-1.232490889874236079e-01,9.200251551114327353e-02,1.330588165319737115e-01,4.299142482552376077e-01,1.154591646574988084e-01,3.721809722718910085e-01,1.463070944057612288e-01,-5.092301412171599262e-01,-1.526610732742400833e-01,1.197472053507909612e-01,-5.452047169625858780e-01,8.078069647140884157e-02,-3.375081659918006127e-01,-4.029014537547958019e-01,3.692951851898511606e-01,9.276760614563377139e-02,-3.619683827656786645e-01,-2.180440814886428977e-02,2.760655670500103409e-01,-2.859233222616398562e-01,9.338614817806184520e-01,-2.303361968429495643e-01,4.757170928219026790e-02,-1.424003012428204928e-01,-8.352351557927444048e-02,-2.933834459242204429e-01,-3.570203237596339396e-01,-2.289697344215332331e-01,6.102526066949483935e-02,-8.486813389095186622e-02,-2.828877791557105614e-01,2.221492498392932391e-01,-1.925150865875836503e-01,1.449837546648796438e-01,-4.914831611860047134e-01,4.130494849892652476e-01,-5.679497095839977083e-01,2.241955587182384024e-01
-1.333003941633725598e+00,4.433158604709225292e-01,1.487906564622764882e-01,-1.456739892511210721e-01,2.318414351576518762e-01,2.472159649429535033e-01,-2.073623009379765014e-01,6.175436273656440544e-01,-2.283077091449015328e-01,-6.982413059866683369e-01,-1.093869702474065952e-01,3.440013040913414977e-01,-2.461691030126331448e-01,2.242736493299633260e-01,-3.097359852702180061e-01,6.084122783516139610e-02,2.010472721066445534e-01,5.253921956762085815e-02,4.945683001242239807e-01,1.965337457765972962e-01,-1.067975963285708874e-01,3.174280474817760545e-01,-1.075295422963241432e+00,4.612582082825020940e-02,-9.156335480349840905e-01,-5.914223476028349635e-01,-6.844858941089545512e-01,-8.530512090698326444e-02,5.204695036360384996e-01,-6.379703196213731831e-01,2.608809665367219921e-01,-4.332436146512271269e-01,5.667396065725179843e-01,-1.053516582309746985e-01,1.259107612889971195e+00,8.492677388666146354e-02,2.229323016343191452e-02,1.085236631289767800e-01,-6.413061884960101766e-01,2.182487911926089125e-02,6.459918187147319080e-02,2.634048666349945722e-01,9.440522736844164653e-02,3.137596320913817460e-01,9.656725358483454480e-01,1.110891750682185680e-01,-5.435043569733500474e-02,2.319494286747388057e-01,-3.853732650986205766e-01,4.517029613025389523e-01,-6.538543111733080559e-01,4.231021292702105141e-01
-9.769826347493639762e-01,8.802949244254490990e-01,-2.949636351671480750e-01,-4.101188791173510650e-01,2.421795063400806469e-01,2.629003823809627494e-01,-5.644220830966230062e-01,5.398381153226087248e-01,1.919833952096286489e-01,-5.848658116376356242e-01,1.548051040419608920e-02,5.208762005534312012e-01,-3.016970034383585908e-01,7.194064531036491461e-01,-4.856052190661597906e-02,-4.026147183868014623e-01,-3.114001040773898832e-01,-2.597480145835113219e-01,-1.951892670491917059e-02,-9.397478402202913417e-01,1.278157300129241225e-01,-1.159772407174629316e-01,-1.699913931197898770e-02,-8.362413985112376186e-03,-3.470486293608485706e-01,-3.089627068768677765e-01,-9.170574089255033590e-01,-1.898395150339882431e-01,5.235771422892753213e-01,-6.564837172174038393e-01,1.967652854284489827e-01,-7.657035184780206505e-01,7.201715402815493661e-02,2.233834345222013296e-01,2.744569725803515658e-01,2.041969178605637925e-01,-2.963712870183569659e-01,-2.973094859918927746e-01,1.380812825528170973e-01,-3.111583434301585377e-03,-3.930048453305703404e-01,4.453887717900646970e-01,-1.215491846551643718e-01,1.663461667852195180e-01,-4.162686728729987906e-01,-1.768041279532584775e-01,-5.474913675249153400e-01,-9.794672840336092479e-02,-2.147879971709665825e-01,8.845343245191432668e-01,-5.122705977990751336e-01,2.875244914248493155e-01
-1.006574915521978725e-01,2.350637011053985093e-01,-4.242347553128523741e-01,-5.224837421949345417e-01,-3.571881845026126517e-02,-5.429041683872626312e-01,-2.909676065911261378e-01,1.694578568986056244e-01,6.198620151251859056e-01,-7.905068814666296184e-01,-5.525312982837563558e-01,2.498832791400230069e-01,2.292939952383871993e-01,-4.959999897006422409e-01,3.662296635935812783e-01,-3.161396278249634095e-01,-5.658335521620784236e-01,-1.620389601892839870e-01,-5.580977333700134491e-01,2.624899322695544157e-01,-4.851726308718418701e-01,-2.707815882850836964e-01,9.924547574686011231e-01,1.324304099837750881e-01,1.479844301613230106e-01,-3.916802289390718950e-01,-8.470357049201037158e-01,3.592603425885620982e-01,3.979006995041597938e-01,-2.754113114646238869e-01,8.691571391013156456e-01,2.116194080623556573e-01,4.331511343337441367e-01,-8.760525403198873851e-02,2.266703612427786174e-01,6.968830675159353172e-01,-1.353973005748027869e-01,3.368461553154817323e-01,-3.473827446943083541e-01,4.800948345989524552e-02,5.407306376875238296e-01,-2.762715174770821736e-01,-9.292897239347401583e-02,8.437864063007524118e-01,-5.493705226210380266e-01,-4.234222620455124764e-01,-2.688771322876264969e-01,-3.190768853989368881e-02,-6.338072440849633615e-01,-3.247373204178548578e-01,-6.565250414854758576e-01,-5.627228425033028447e-01
-1.688938550553037432e-01,3.533609030406117957e-01,-1.444444514474907681e-01,-3.372503716830004272e-01,-6.867548628861964988e-02,1.134270969729441469e-01,-1.102074067954374875e-01,5.231870890996541679e-01,-5.670589549710367688e-02,-5.344780199352816563e-01,6.852431757061995532e-02,6.028748488429990227e-01,1.079014304170116886e-02,7.206421097715356439e-01,-3.474995618350762983e-01,-2.684582179032851679e-01,-1.743442255844618594e-01,1.132201312472672361e-01,-5.982536425168139688e-02,4.831343251559120922e-01,3.482227427036624356e-01,-9.562215339807624004e-02,-1.878933130314728861e-01,3.746368113344766826e-01,5.374234430025606746e-02,-2.635226228446496677e-01,-5.560948192755276187e-01,5.091668356632824688e-01,4.721910149330839634e-01,2.441228944180762750e-01,3.472857857276021587e-01,4.696244268102942598e-01,3.287561729476688455e-01,-6.652071755242502382e-01,8.033269444197719267e-01,4.680096123665296037e-01,2.933398827376182960e-01,-3.107342816879062330e-01,-3.195612622854865359e-01,-1.071244023525476929e-01,2.626182945973260519e-01,2.306697835373805808e-02,-2.089784860759294483e-01,6.221615921372853908e-01,6.031660974295206812e-02,-1.874139453431617752e-01,-5.568967762700308688e-01,6.627190746306416136e-02,-1.479548237999125382e+00,-7.607209112003487927e-02,9.464649670776566215e-02,5.162332932818116671e-01
5.937618350771668441e-01,-2.162480304588462465e-01,1.445287422567467228e-01,2.423339079376304050e-01,-6.750032709590821078e-02,-2.007461117874549672e-01,-8.133032912568118888e-01,-5.297078553351921570e-01,-4.143481483107983032e-01,3.222115993915029009e-01,-6.934165793501968489e-01,-7.099203456760617981e-02,8.358600658210764145e-01,-5.794953122169590673e-03,-1.754536433779584070e-02,-2.980693218864673422e-01,-3.152691255691879024e-01,4.918732569360680096e-02,-6.233976003751789952e-01,3.427966582637374526e-01,-5.968571894060014510e-02,5.149570124993776421e-01,5.143536962437460502e-01,-1.744052203578258242e-01,5.655045957249346111e-01,4.795726168455155536e-01,-1.450973516066770552e-01,2.783801092639171526e-01,-1.901442916442193098e-01,3.100089816243741248e-01,7.840094088657835192e-01,7.439786753976227462e-01,-1.177323632125719527e-01,9.164091163945807528e-02,-2.911266227571376319e-01,3.436580839166867296e-01,-2.610433853847949903e-01,1.616976032173660649e-01,6.117683451541484907e-02,-1.436772287635337819e-01,6.498106031492900669e-01,-4.856285897055391265e-01,3.456841558237681022e-01,-5.041828698585047036e-02,7.165405318984148508e-02,-4.223917605981116208e-01,6.496858897648553066e-01,-3.060946659696284211e-01,7.282775476866369946e-01,-1.164979514162082092e-01,3.051034701491691092e-01,-7.131525001707615941e-01
